envelope_mean,envelope_std,envelope_variance,envelope_skewness,envelope_kurtosis,envelope_median,envelope_min,envelope_max,envelope_range,envelope_p25,envelope_p75,envelope_p90,envelope_p95,peak_count,peak_mean_height,peak_max_height,peak_std_height,mean_rate_of_change,std_rate_of_change,max_rate_of_change,dominant_freq,dominant_freq_magnitude,energy_0_5Hz,energy_5_10Hz,energy_10_20Hz,envelope_rms,zero_crossing_rate,filename,filepath,duration,sample_rate,label,label_name
0.5043667599273429,0.14030511954478944,0.019685526570477653,0.10943497659409683,1.349676913622302,0.5042165999141104,0.0,1.0,1.0,0.4132391701715604,0.5904051460229528,0.667367578329745,0.7236885569709071,22.0,0.644416428669663,1.0,0.11055650092188485,6.906489341826456e-05,4.778368287167371e-05,0.0004920564540630279,0.46558321572507316,0.07749401464220798,1.6820653575768751,0.36392406951012707,0.10817334841004872,0.5235182471414761,0.00020854248204352232,01Label.wav,.\01Label.wav,4.2956875,48000,0,Healthy
0.7761692807195585,0.07832758912095132,0.006135211217500571,-2.2530921023388606,18.824024461025505,0.774280072943521,0.0,1.0,1.0,0.7334164292404763,0.8180614347190509,0.8638886830569026,0.8883855925161604,8.0,0.8794441234328425,1.0,0.05814408496914315,2.192838465991954e-05,2.9858098306749207e-05,0.00031659595261541995,0.4,0.04948018703744751,1.9633126795991327,0.19037932872284327,0.17011153112875985,0.7801115071258834,0.00013333333333333334,02Diesel_healthy.wav,.\02Diesel_healthy.wav,5.0,48000,0,Healthy
0.8138689629399227,0.08627269222928534,0.007442977424488991,-2.050145884234102,14.387906025283218,0.8183891258423865,0.0,1.0,1.0,0.7589838237911508,0.8675354652571747,0.9171146133077027,0.9388340905628055,10.0,0.9288278322725929,1.0,0.039189718868520025,2.5372115124775297e-05,3.239224973499781e-05,0.0003439216908396811,0.4,0.048579690621629826,2.111346078897106,0.1992286435078128,0.1750565722200862,0.8184287789792062,0.000125,02Diesel_healthy1.wav,.\02Diesel_healthy1.wav,5.0,48000,0,Healthy
0.19724896950119253,0.06689830190199852,0.004475382797370939,3.5774120574041395,33.40210956408479,0.19188291492481713,0.0,1.0,1.0,0.16396530540343052,0.22341572391841955,0.25522179620013447,0.2921431002315986,0.0,0.0,0.0,0.0,2.9586865290875102e-05,3.625842171464693e-05,0.00044749100676466647,9.259259259259258,0.031191790663506545,0.6654619091910617,0.21190668358491807,0.20339208014416713,0.2082847540427607,0.0002467341372380132,02Label.wav,.\02Label.wav,4.644,48000,0,Healthy
0.7974774557891954,0.07659347544825254,0.005866560481242065,-1.338210144939352,14.36954467197502,0.7874976654062124,0.0,1.0,1.0,0.753024712256414,0.8343424813229905,0.8945927182160558,0.9421431137299489,8.0,0.9183456069219903,1.0,0.05424785161922975,1.9211903070464206e-05,3.946950792888659e-05,0.0005317567707097359,0.6000000000000001,0.03456390716279024,2.0244073316445284,0.19453829826856017,0.18839103722370634,0.8011472105507514,9.583333333333334e-05,03Label.wav,.\03Label.wav,5.0,48000,0,Healthy
0.07911827752547027,0.05911823456893272,0.0034949656585473517,8.776622238292092,104.465831488264,0.07432452548369223,0.0,1.0,1.0,0.05872708905063896,0.08938683979997643,0.10768834890358811,0.11765932053407799,0.0,0.0,0.0,0.0,1.0608148814293674e-05,3.509402611450329e-05,0.00044283841288605963,2.0,0.017332027077928355,0.4417642693369198,0.20976477471485275,0.2147193118171119,0.09876572025325735,8.75e-05,04Label-2.wav,.\04Label-2.wav,5.0,48000,0,Healthy
0.12223215791550376,0.05907221109292362,0.0034895261234069285,7.792221685469592,90.31067989964662,0.12291888688955102,0.0,1.0,1.0,0.10377151065798929,0.1381981250322213,0.1513641922260949,0.15929531051109466,0.0,0.0,0.0,0.0,1.1553526223142088e-05,3.2593552695844215e-05,0.00040366249285939126,2.4000000000000004,0.025239096363375273,0.5338674826750903,0.1911167364647758,0.19507628368830646,0.13575797049192942,0.00011666666666666667,05Label.wav,.\05Label.wav,5.0,48000,0,Healthy
0.3255032330369825,0.12477487418322902,0.015568769227440632,1.2824793641260297,3.56633860643095,0.31329421992063916,0.0,1.0,1.0,0.2596263679082262,0.3664095768570452,0.458859664856326,0.59603291866304,16.0,0.6458764669905359,1.0,0.13075335293958035,1.8420928469846518e-05,2.167356290132755e-05,0.0002588731506003028,0.03259735744089012,0.04837139172260555,2.2983337470139014,0.24102692407009696,0.04477190110431846,0.34859880083696326,7.87769471488178e-05,eco_healthy.wav,.\eco_healthy.wav,30.677333333333333,48000,0,Healthy
0.3255032330369825,0.12477487418322902,0.015568769227440632,1.2824793641260297,3.56633860643095,0.31329421992063916,0.0,1.0,1.0,0.2596263679082262,0.3664095768570452,0.458859664856326,0.59603291866304,16.0,0.6458764669905359,1.0,0.13075335293958035,1.8420928469846518e-05,2.167356290132755e-05,0.0002588731506003028,0.03259735744089012,0.04837139172260555,2.2983337470139014,0.24102692407009696,0.04477190110431846,0.34859880083696326,7.87769471488178e-05,eco_healthy_new.wav,.\eco_healthy_new.wav,30.677333333333333,48000,0,Healthy
0.3959090028519175,0.09340820721195743,0.008725093174551975,1.1568962256400819,6.097118902388113,0.39096626183626443,0.0,1.0,1.0,0.34601181937807657,0.4388779456075672,0.4936328521944747,0.544900021943643,25.0,0.5866275136223081,1.0,0.10658683650396134,2.0440339430635763e-05,2.1609256073768258e-05,0.0005583162384352747,0.03241701244813278,0.03493197805871549,2.100529219641613,0.25920741637347744,0.10153024285348147,0.4067788486558165,0.00010062780947441217,ecosport_healthy_diesel.wav,.\ecosport_healthy_diesel.wav,30.848,48000,0,Healthy
0.7247063102051207,0.10467650564510646,0.010957170834070003,-0.26794206915174623,2.997949840904454,0.7201723844954147,0.0,1.0,1.0,0.6505632905691056,0.7822071489182669,0.8621928728822792,0.9207226275681876,11.0,0.841980968632254,1.0,0.08686214616371617,2.541853609402783e-05,3.051332676799988e-05,0.0004011915828054315,0.4,0.06944681590400824,2.034693990967376,0.16458546449637554,0.1651179537837563,0.7322270186801294,9.166666666666667e-05,h1.wav,.\h1.wav,5.0,48000,0,Healthy
0.32548360035314167,0.20356545237069343,0.041438893398885054,1.1601439956159598,1.2673413460805465,0.2984805366177252,0.0,1.0,1.0,0.18520012678885425,0.39962305932327435,0.6221596324147616,0.8081106721076514,4.0,0.8331831150835035,1.0,0.17751966992616355,3.917288783680678e-05,4.727646463112361e-05,0.0005780421812302725,0.2,0.18439470753034787,1.6528041951595747,0.27201516436701506,0.11087241261542667,0.3838990329471132,9.583333333333334e-05,h10.wav,.\h10.wav,5.0,48000,0,Healthy
0.5448340834968286,0.214417863221591,0.045975020068512916,-0.1578973199611029,-0.28051530951695813,0.5517829566656847,0.0,1.0,1.0,0.4078693735976974,0.6721499692929399,0.8482794798474776,0.9104193826532069,15.0,0.7946789293836204,1.0,0.14082952410371372,4.7826077755425436e-05,3.593820886499909e-05,0.0001909397045374659,0.4,0.17511897290987516,2.1888497693213393,0.27437177133361207,0.03929700607190366,0.5855076418018318,0.0001,h11.wav,.\h11.wav,5.0,48000,0,Healthy
0.11462494420287539,0.07527481432686708,0.005666297671944314,4.564591828723152,39.78756469637139,0.10468935120877271,0.0,1.0,1.0,0.07145611412473128,0.15055025166904218,0.1827627131463937,0.20247328280043245,0.0,0.0,0.0,0.0,1.3109159842302911e-05,2.911218481456501e-05,0.000353468814811575,0.2,0.05086623361220526,0.6183771626886129,0.18654595234454213,0.19263842168691647,0.13713196383577614,6.666666666666667e-05,h12.wav,.\h12.wav,5.0,48000,0,Healthy
0.09216259891167256,0.06645164965153627,0.00441582174141052,6.4630564746490204,67.39535766329762,0.0913882548506988,0.0,1.0,1.0,0.05767003309024807,0.11724801402363727,0.13605992289717198,0.1458498477294384,0.0,0.0,0.0,0.0,1.0575533907729986e-05,3.1655488489990185e-05,0.0003981111999719067,0.2,0.03297162059762563,0.5114809770709757,0.21664258285010335,0.22433347561049052,0.11362115287024836,5.4166666666666664e-05,h13.wav,.\h13.wav,5.0,48000,0,Healthy
0.07892795879700883,0.06278867321998717,0.003942417484726334,7.778733617154953,86.82583481798449,0.07074054386637268,0.0,1.0,1.0,0.05280370466497027,0.09236358446603256,0.12134022575547819,0.1406275306958608,0.0,0.0,0.0,0.0,1.255411116211212e-05,3.378595577066747e-05,0.0004138347493679584,0.2,0.03442841543631109,0.4676100989473971,0.1992351446209073,0.2044017545182138,0.10085653258261787,9.166666666666667e-05,h14.wav,.\h14.wav,5.0,48000,0,Healthy
0.10891948384762082,0.06627995054439506,0.004393031844167455,5.930091480507601,56.67763993239124,0.09867996374652485,0.0,1.0,1.0,0.0764933875039164,0.12816129471431115,0.14814108461179873,0.16874331876012091,0.0,0.0,0.0,0.0,1.3129805601599924e-05,3.5827556371581836e-05,0.00043873328427079805,1.8,0.023193160911100533,0.5622148511794487,0.21167924000248972,0.2006111430687931,0.1275009247252724,8.333333333333333e-05,h2-1.wav,.\h2-1.wav,5.0,48000,0,Healthy
0.36402169677355284,0.20277909307287725,0.04111936058745862,0.7757833506085446,0.06515076468310221,0.3163910630514463,0.0,1.0,1.0,0.2231859981140397,0.4657067172828596,0.6921882867557773,0.7431894015615226,4.0,0.7138266813781342,0.9498571836524236,0.15990769606939415,3.3716150154105865e-05,3.0048145317826705e-05,0.00024696148685010577,0.25,0.1817589926230281,1.62568575491462,0.20430764926891518,0.18079376624317825,0.41669072021027187,7.8125e-05,h2-2.wav,.\h2-2.wav,4.0,48000,0,Healthy
0.7994786283070237,0.06961845968388776,0.004846729928757105,-3.1181326174572996,30.634954375904094,0.7932651542237283,0.0,1.0,1.0,0.7624918371757099,0.8377663763372125,0.8724126147288603,0.8914994425862595,7.0,0.8923389581490786,1.0,0.04891805115106114,1.8462110385052858e-05,3.046544191669309e-05,0.0003877528899191932,0.2,0.03923514958617603,1.9593177852609107,0.1958243089509913,0.17916099373629527,0.8025040853780354,0.00011666666666666667,h2.wav,.\h2.wav,5.0,48000,0,Healthy
0.27847947961109326,0.1854831059814878,0.034403982604539834,0.5837627896890405,-0.6819146869353827,0.21816438788886933,0.0,1.0,1.0,0.13125107140363987,0.4289276546187679,0.5566004603941458,0.5948145134933716,3.0,0.6645685637399357,0.7189860909100598,0.06304806476508032,2.5807894057012582e-05,3.815612198803048e-05,0.0004261972734435071,0.19880715705765406,0.2077595798266653,1.3524719210127976,0.22442419582624298,0.19310608976437993,0.3345964781180536,2.07090788601723e-05,h3.wav,.\h3.wav,5.03,48000,0,Healthy
0.05914108651518397,0.0716435189005424,0.005132793800452375,6.045298273681598,56.73800144056899,0.04042495071422071,0.0,1.0,1.0,0.02584833766996706,0.07083246708957085,0.11035467859643942,0.16761828567005227,0.0,0.0,0.0,0.0,1.1571574605167566e-05,3.470552635771473e-05,0.00041371497502018517,2.2,0.029379063648986316,0.5171657754668795,0.17944404728762328,0.1827981975465606,0.09290027941103757,7.5e-05,h4.wav,.\h4.wav,5.0,48000,0,Healthy
0.09962787943830269,0.07633851234131972,0.005827568466485824,4.48283022761141,38.68036216090613,0.08045822377299369,0.0,1.0,1.0,0.05056347543494347,0.14743857660419563,0.16817133527983683,0.18592960548203946,0.0,0.0,0.0,0.0,1.1908860145128712e-05,3.0695820741583166e-05,0.00037157303000578956,0.6000000000000001,0.041180370447140624,0.5968354291764664,0.21348447553840572,0.21353841776756194,0.1255120823979062,5.4166666666666664e-05,h5.wav,.\h5.wav,5.0,48000,0,Healthy
0.06378809546236748,0.06222779327289354,0.003872298255613974,8.417023889924016,94.44525645137787,0.05133183220417631,0.0,1.0,1.0,0.041300539757507033,0.06680648432929916,0.10488308275976897,0.13690031167260508,0.0,0.0,0.0,0.0,9.481850048457349e-06,3.50526136886164e-05,0.0004332593502278659,0.8,0.026213735343916026,0.42948501333530437,0.20395723767977814,0.20312681637008687,0.08911351961588142,7.5e-05,h6.wav,.\h6.wav,5.0,48000,0,Healthy
0.25748800630764257,0.1576667872253524,0.02485881579396455,1.9918016799603513,5.924287094954904,0.23957033296690233,0.0,1.0,1.0,0.14824964463826396,0.31235616145787337,0.43237785254827965,0.5064333997585122,2.0,0.7554723524300538,1.0,0.24452764756994616,2.800890045075056e-05,2.557592399683133e-05,0.0001533925598145025,0.4,0.08730356036164862,1.4308950359087356,0.14458707748390864,0.06962355671575496,0.3019253039846928,9.166666666666667e-05,h7.wav,.\h7.wav,5.0,48000,0,Healthy
0.7428231007437656,0.11232225411642117,0.012616288769793893,-0.2837698642053902,2.865279181342493,0.7283880961323361,0.0,1.0,1.0,0.6693638766271818,0.8063612410463631,0.9103294303130418,0.9448551044983435,13.0,0.8689854190118107,1.0,0.09330893053202256,2.9068373661483892e-05,3.002197320117951e-05,0.00031332004868350576,0.2,0.09922479872835649,2.08830558318783,0.2046197949491885,0.16276634290946074,0.7512672279344923,0.00010833333333333333,h8.wav,.\h8.wav,5.0,48000,0,Healthy
0.4930882447795014,0.19728415126241125,0.03892103633932996,0.20977343482891275,-0.5329840722097572,0.4800978007477406,0.0,1.0,1.0,0.3375042529774734,0.6402218265100449,0.7535792505287235,0.8443072936047082,10.0,0.7697994990111159,1.0,0.13467905358750573,5.1775774946380055e-05,4.394212291725671e-05,0.0003772995386182032,2.0,0.11754782306172691,2.1547534337528536,0.2605886940748376,0.1576563360301475,0.5310904381355961,9.583333333333334e-05,h9-2.wav,.\h9-2.wav,5.0,48000,0,Healthy
0.6853608800600598,0.11087194152569775,0.01229258741767774,-0.2773765960787734,2.7178384989520588,0.6721520864297399,0.0,1.0,1.0,0.6119722749548873,0.7640097354908952,0.8187514453076733,0.8625207450411746,9.0,0.7913437498920134,1.0,0.11280964786743045,2.3379970977818674e-05,2.4800275748183964e-05,0.000243926308882262,0.4,0.06384632492693777,2.0143373891193033,0.17267124881786353,0.16706598184516602,0.6942709293455814,6.25e-05,h9.wav,.\h9.wav,5.0,48000,0,Healthy
0.1064859125624412,0.06912969083484977,0.0047789141549219125,4.978980369928217,48.03445534397264,0.09711192666582669,0.0,1.0,1.0,0.06950012680224125,0.13649587489596093,0.17031230488692195,0.1880300112034443,0.0,0.0,0.0,0.0,2.325280373643638e-05,3.455616270953748e-05,0.0004375374516423225,2.8080614764887533,0.038268712743944784,0.5240466460295821,0.22421694516877255,0.20599932163287094,0.126957330348341,0.0001378958760775727,label-1.wav,.\label-1.wav,4.985645833333334,48000,0,Healthy
0.06848437989289718,0.06299762526665209,0.003968700789237522,8.1040707367158,91.44660719758913,0.0624887591431833,0.0,1.0,1.0,0.03783180461809443,0.08711546098991091,0.10815139447683313,0.11886682086626432,0.0,0.0,0.0,0.0,1.1735241661586855e-05,3.385415317141295e-05,0.00041330900187186437,2.8080614764887533,0.023085220262746484,0.4309784896319852,0.20529889500516227,0.2134376634623654,0.09305273278390153,0.00010446657278603992,label-1_denoised1.wav,.\label-1_denoised1.wav,4.985645833333334,48000,0,Healthy
0.23482314826450884,0.2292046101967185,0.052534753335429674,0.884593629124817,-0.07533929944623363,0.09309886746682902,0.0,1.0,1.0,0.04781656645273781,0.4234910311092816,0.5442645420569994,0.6002235702182068,5.0,0.652047117258335,1.0,0.1749480752539208,1.825919789849981e-05,2.4441246634267654e-05,0.00012768641742361142,0.2,0.25858740967022004,1.451565878629736,0.10526008826889173,0.007169301037730794,0.3281412261455198,1.6666666666666667e-05,output.wav,.\output.wav,5.0,48000,0,Healthy
0.5101356979455989,0.23746020836866819,0.05638735055849132,0.3754108082444932,-0.6728418365736584,0.4345877545629137,0.0,1.0,1.0,0.3557874456592999,0.6984549663905959,0.8871123106530437,0.9454188096046534,6.0,0.9437806566982649,1.0,0.08818372991184208,3.230172605623295e-05,3.4511442856824355e-05,0.00015669583538785448,0.1999991666701389,0.20672980623013365,2.2258688733307825,0.08554258299434735,0.028681898081666657,0.5626951047209622,4.1666493056278935e-05,s-2.wav,.\s-2.wav,5.000020833333333,48000,0,Healthy
0.503373132587894,0.2618601937674028,0.06857076107990176,0.028620284500281444,-1.022170693874449,0.51735082999212,0.0,1.0,1.0,0.27975853835680253,0.7029359723319752,0.8746106741859501,0.9363719949825992,14.0,0.812504489581701,1.0,0.14015316792262567,6.780868694387126e-05,5.447209223702672e-05,0.0002359912507673423,3.138244275396319,0.1935027271997186,2.546776567890385,0.2671163868059428,0.17001244005523553,0.5674110253522143,0.00010383896499473114,sound-1.wav,.\sound-1.wav,5.417041666666667,48000,0,Healthy
0.7658577019452346,0.20330613628047037,0.041333385049293195,-2.933468080973311,7.578622019439434,0.8184178278161761,0.0,1.0,1.0,0.7818083556689777,0.8496104181373013,0.8802553414347838,0.9022741779307506,15.0,0.9080953541683852,1.0,0.04640645622343969,2.6274043084263865e-05,2.182425347471455e-05,0.00019775601670568577,0.10158601160620184,0.11784809173295464,2.7872561005564616,0.19498079651477823,0.03526340430528145,0.7923833697637331,8.465500967183486e-05,test.wav,.\test.wav,9.843875,48000,0,Healthy
0.6194204791149732,0.20044403716503642,0.0401778120350185,-1.39933548515024,2.198175910812993,0.6471108649404453,0.0,1.0,1.0,0.5263199951152667,0.7673013341298263,0.8249469348368913,0.8514487573032549,81.0,0.8367278655354916,1.0,0.047060436853639726,6.002667839621298e-05,3.5908541848319206e-05,0.00018214347335249181,4.622163528082184,0.098297671297235,3.0675074797158683,0.26712824288559656,0.027183765614633103,0.6510449615672036,0.00016719364410187383,test_new.wav,.\test_new.wav,19.68775,48000,0,Healthy
0.5049968904178769,0.12879132800392407,0.016587206169014355,0.4283379612005714,-0.024277624773834106,0.4910495306993374,0.0,1.0,1.0,0.40395047892452435,0.6020218776676265,0.6746582164881948,0.7351733092794123,16.0,0.6809066038983606,1.0,0.12912095918466307,1.1389995716156312e-05,1.273630089019128e-05,0.0001722902302837559,0.08472078324364109,0.09323798029589847,2.418093969420565,0.21395321163004855,0.12868687096311157,0.5211612663089416,3.3535310033941265e-05,toyota_knock.wav,.\toyota_knock.wav,35.4104375,48000,1,Unhealthy
0.5047962952818242,0.1341219342395217,0.017988693244150582,0.5274789816243353,-0.05063229029519123,0.48881589369118095,0.0,1.0,1.0,0.3972332085296337,0.5797074934456771,0.7137239459883865,0.7474245476329006,119.0,0.6860396364355902,1.0,0.09431240601055858,2.2256001163019962e-05,2.3027354330056874e-05,0.00015316838288537138,0.04610655737704918,0.09003878104426603,2.8960069752916757,0.37915844288337097,0.10279592818808742,0.5223102459021891,6.403688524590164e-05,toyota_knock_new.wav,.\toyota_knock_new.wav,65.06666666666666,48000,1,Unhealthy
0.32064917679863275,0.14916534482302538,0.02225030009617206,0.10248213348463779,-0.31961328552809354,0.3248835157347495,0.0,1.0,1.0,0.20498565433675514,0.43243750345861887,0.5169611559124047,0.5621856104603081,12.0,0.5695783173520307,0.6647850566119887,0.043110721138082946,5.3385673907002344e-05,4.780195124765636e-05,0.00041972507508669654,0.2,0.14704836547702202,1.2591527199534542,0.347169866180887,0.18185558127702234,0.353646991614255,0.0001375,unh1.wav,.\unh1.wav,5.0,48000,1,Unhealthy
0.14329225858410244,0.08320736923563204,0.006923466295114806,3.2207471141659525,20.537891324164985,0.12836973910258018,0.0,1.0,1.0,0.1022332666181214,0.1694227702609537,0.22604326933998417,0.29552455749954554,0.0,0.0,0.0,0.0,2.2102104887018067e-05,3.5342674626034406e-05,0.0003986845234615899,1.8,0.039773219803284424,0.7293984053823958,0.21035635533132288,0.17509825912400875,0.1656989368259437,0.00010833333333333333,unh2.wav,.\unh2.wav,5.0,48000,1,Unhealthy
0.7944108378224871,0.10496147864698853,0.01101691199976223,-1.5023920825178667,6.528317634257059,0.806803917983141,0.0,1.0,1.0,0.7409343410262159,0.8623381011507152,0.911324879051367,0.9357311568973878,18.0,0.8906696467442795,1.0,0.07281409486891186,3.878683709813189e-05,3.067117017305195e-05,0.00029523412046891594,0.4,0.05748088967980795,2.0897483551152876,0.25528398525971435,0.18478577731344692,0.8013148515094353,0.0001625,unh3.wav,.\unh3.wav,5.0,48000,1,Unhealthy
0.5046238159501257,0.17692458217607504,0.03130230777817873,0.21629821977762143,-0.35711219339347755,0.4898758299335718,0.0,1.0,1.0,0.3764296923428497,0.627213144198745,0.7518223450230231,0.8168674862650296,22.0,0.7264398210379059,1.0,0.12435028034217872,7.494425990581854e-05,5.3530145837375634e-05,0.0003377561204493419,2.6,0.09900884496601424,1.984799217941075,0.3163730007996958,0.10013855676235946,0.5347405944962894,0.00016666666666666666,unh4.wav,.\unh4.wav,5.0,48000,1,Unhealthy
