File name,label,MFCC_1,MFCC_2,MFCC_3,MFCC_4,MFCC_5,MFCC_6,MFCC_7,MFCC_8,MFCC_9,MFCC_10,MFCC_11,MFCC_12,MFCC_13,Spectral_Centroid,Spectral_Bandwidth,Spectral_Rolloff,Zero_Crossing_Rate,RMS_Energy,D1_Mean,D1_Std,D2_Mean,D2_Std,D3_Mean,D3_Std,A3_Mean,A3_Std,RMS_Envelope_Mean,Hilbert_Envelope_Mean,Max,Mean,Std,Median,Energy,Entropy,MaxFreq1,MaxFreq2,,Max,Mean,Std,Median,Energy,Entropy,MaxFreq1,MaxFreq2
h1,0,-8.32E+01,1.26E+02,-4.48E+01,2.44E+01,-4.75E+00,1.19E+01,4.15E+00,1.25E+01,-3.81E+00,1.02E+01,-1.19E+01,1.09E+01,-5.76E+00,3.89E+03,4.24E+03,7.53E+03,7.43E-02,1.09E-01,3.19E-06,1.93E-02,7.25E-05,3.54E-02,-2.30E-04,9.67E-02,9.36E-04,2.89E-01,1.09E-01,1.36E-01,3.70E+01,3.19E-02,3.79E-01,0.00E+00,9.53E+03,7.21E+00,1.00E+00,1.57E+02,,3.70E+01,3.19E-02,3.79E-01,0.00E+00,9.53E+03,7.21E+00,1.00E+00,1.57E+02
h2,0,-3.54E+01,1.25E+02,-4.51E+01,2.64E+01,-5.10E+00,1.21E+01,3.57E+00,1.23E+01,-3.62E+00,1.10E+01,-1.09E+01,1.13E+01,-4.76E+00,3.89E+03,4.22E+03,7.49E+03,7.21E-02,1.87E-01,-2.27E-06,1.75E-02,-1.40E-04,5.67E-02,7.27E-04,1.60E-01,1.39E-04,5.02E-01,1.86E-01,2.33E-01,3.82E+02,1.34E-01,2.49E+00,0.00E+00,4.10E+05,6.92E+00,1.00E+00,1.00E+00,,3.82E+02,1.34E-01,2.49E+00,0.00E+00,4.10E+05,6.92E+00,1.00E+00,1.00E+00
h3,0,-3.57E+01,1.33E+02,-4.76E+01,2.30E+01,-3.39E+00,1.65E+01,5.61E+00,1.23E+01,-5.35E+00,8.58E+00,-1.20E+01,9.49E+00,-4.38E+00,3.56E+03,4.04E+03,6.83E+03,6.65E-02,2.00E-01,3.17E-06,8.52E-03,-1.42E-04,4.66E-02,5.22E-05,1.53E-01,1.11E-04,5.45E-01,1.99E-01,2.49E-01,2.13E+02,1.35E-01,1.89E+00,0.00E+00,2.37E+05,6.85E+00,3.00E+00,3.00E+00,,2.13E+02,1.35E-01,1.89E+00,0.00E+00,2.37E+05,6.85E+00,3.00E+00,3.00E+00
h4,0,-2.50E+01,1.35E+02,-4.88E+01,2.40E+01,-3.43E+00,1.92E+01,6.28E+00,1.21E+01,-5.70E+00,9.60E+00,-1.26E+01,8.46E+00,-5.92E+00,3.45E+03,3.96E+03,6.65E+03,6.23E-02,2.40E-01,-1.62E-05,8.46E-03,1.81E-04,5.12E-02,2.40E-04,1.62E-01,1.10E-03,6.60E-01,2.39E-01,3.03E-01,1.86E+02,1.79E-01,2.40E+00,0.00E+00,3.83E+05,6.77E+00,1.00E+00,1.00E+00,,1.86E+02,1.79E-01,2.40E+00,0.00E+00,3.83E+05,6.77E+00,1.00E+00,1.00E+00
h5,0,-3.39E+01,1.29E+02,-4.70E+01,2.47E+01,-5.67E+00,1.43E+01,3.80E+00,1.15E+01,-4.93E+00,1.16E+01,-1.12E+01,1.02E+01,-7.12E+00,3.76E+03,4.13E+03,7.25E+03,7.17E-02,1.87E-01,-1.99E-05,1.16E-02,-6.41E-06,5.42E-02,5.65E-04,1.56E-01,-1.34E-04,5.04E-01,1.87E-01,2.34E-01,1.98E+02,1.39E-01,1.69E+00,0.00E+00,1.89E+05,7.07E+00,1.00E+00,1.00E+00,,1.98E+02,1.39E-01,1.69E+00,0.00E+00,1.89E+05,7.07E+00,1.00E+00,1.00E+00
h6,0,-3.05E+01,1.36E+02,-4.82E+01,2.44E+01,-4.92E+00,1.90E+01,4.85E+00,1.18E+01,-5.27E+00,1.00E+01,-1.24E+01,1.00E+01,-5.95E+00,3.43E+03,3.94E+03,6.67E+03,6.27E-02,2.23E-01,-4.79E-06,7.48E-03,-6.83E-05,4.88E-02,4.92E-04,1.49E-01,8.01E-04,6.15E-01,2.23E-01,2.81E-01,5.65E+02,1.98E-01,3.49E+00,0.00E+00,8.05E+05,6.53E+00,1.00E+00,1.00E+00,,5.65E+02,1.98E-01,3.49E+00,0.00E+00,8.05E+05,6.53E+00,1.00E+00,1.00E+00
h7,0,-2.32E+01,1.27E+02,-4.56E+01,2.60E+01,-4.79E+00,1.21E+01,4.44E+00,1.24E+01,-3.98E+00,1.07E+01,-1.15E+01,1.02E+01,-6.47E+00,3.81E+03,4.17E+03,7.29E+03,7.38E-02,2.04E-01,-7.37E-06,1.16E-02,5.24E-05,6.06E-02,1.20E-03,1.82E-01,5.93E-04,5.42E-01,2.04E-01,2.54E-01,,,,,,,,,,4.08E+02,1.82E-01,2.57E+00,0.00E+00,4.40E+05,6.98E+00,1.00E+00,1.00E+00
h8,0,-2.36E+01,1.29E+02,-4.37E+01,2.62E+01,-4.63E+00,1.47E+01,5.33E+00,1.40E+01,-3.43E+00,1.16E+01,-9.97E+00,1.19E+01,-5.86E+00,3.73E+03,4.17E+03,7.24E+03,6.64E-02,2.17E-01,-1.76E-05,1.25E-02,1.81E-04,6.07E-02,-4.91E-04,1.72E-01,-1.22E-03,5.87E-01,2.17E-01,2.73E-01,,,,,,,,,,2.50E+02,1.98E-01,2.49E+00,0.00E+00,4.10E+05,7.01E+00,1.00E+00,2.00E+00
h9,0,-2.05E+01,1.22E+02,-4.62E+01,2.62E+01,-6.49E+00,9.94E+00,2.54E+00,1.19E+01,-5.13E+00,1.03E+01,-1.21E+01,1.12E+01,-5.26E+00,4.02E+03,4.25E+03,7.67E+03,7.91E-02,1.99E-01,-1.25E-05,1.42E-02,-1.58E-04,6.88E-02,-4.20E-04,1.95E-01,2.41E-03,5.22E-01,1.99E-01,2.47E-01,,,,,,,,,,2.44E+02,2.00E-01,2.37E+00,0.00E+00,3.74E+05,7.22E+00,1.00E+00,1.00E+00
h10,0,-5.30E+01,1.51E+02,-7.52E+01,1.73E+01,1.35E+01,1.72E+00,-2.82E+00,1.05E+01,-1.21E+00,7.92E+00,-3.33E+00,1.22E+01,-8.50E+00,3.05E+03,3.17E+03,4.66E+03,8.76E-02,1.92E-01,1.72E-06,2.77E-03,-6.78E-05,4.10E-02,3.14E-04,2.56E-01,-8.29E-04,4.78E-01,1.92E-01,2.38E-01,,,,,,,,,,1.04E+02,1.63E-01,1.80E+00,0.00E+00,2.15E+05,6.74E+00,1.00E+00,1.00E+00
h11,0,-5.84E+01,1.75E+02,-6.93E+01,8.35E+00,1.08E+01,4.97E+00,-4.88E+00,1.10E+01,-7.07E-01,3.71E+00,-2.64E+00,1.03E+01,-8.45E+00,2.54E+03,2.88E+03,4.06E+03,7.11E-02,2.09E-01,9.01E-08,2.19E-03,-4.44E-05,2.76E-02,1.52E-04,2.05E-01,-6.32E-04,5.55E-01,2.09E-01,2.61E-01,,,,,,,,,,1.17E+02,1.94E-01,2.50E+00,0.00E+00,4.15E+05,6.41E+00,9.00E+00,9.00E+00
h12,0,-4.11E+01,1.11E+02,-6.93E+01,3.48E+01,1.00E+01,-6.28E+00,9.16E-02,1.50E+01,-2.90E+00,1.20E+01,-7.78E+00,1.26E+01,-8.64E+00,4.16E+03,3.82E+03,6.63E+03,1.16E-01,1.83E-01,-1.67E-05,1.76E-02,-4.17E-05,7.11E-02,-6.19E-04,3.26E-01,7.89E-05,3.89E-01,1.82E-01,2.21E-01,,,,,,,,,,9.14E+01,1.67E-01,1.64E+00,0.00E+00,1.80E+05,7.25E+00,0.00E+00,1.00E+00
h13,0,-53.2081551,150.9354963,-75.4791159,15.03363977,12.12396315,0.301815023,-2.041649625,10.24949357,-2.141237894,5.796597774,-4.489147237,11.50686171,-8.697020094,3063.651877,3174.35313,4659.614872,0.089844791,0.188260496,1.37E-06,0.002806768,2.62E-05,0.042891368,0.00029383,0.255380351,-0.000626615,0.465551788,0.188083023,0.232668132,,,,,,,,,,1.25E+02,1.58E-01,1.92E+00,0.00E+00,2.44E+05,6.64E+00,2.40E+01,2.40E+01
unh1,1,-225.3335415,130.5325917,-12.45765561,-11.7862624,19.20237504,5.26357329,-3.833533492,-2.800710845,3.581293123,2.92819408,-6.39236539,22.29058487,-12.90554269,6267.439099,5682.386478,11876.70272,0.071389223,0.033128988,9.49E-06,0.023738945,1.52E-05,0.002911258,4.18E-05,0.009487394,0.000174354,0.080971909,0.032883029,0.038594659,,,,,,,,,,8.27E-01,1.80E-03,1.42E-02,0.00E+00,1.36E+01,8.07E+00,1.00E+00,1.82E+02
unh2,1,-150.6674053,120.2697204,-15.20308039,-9.951519335,14.23065253,8.625266129,-6.803531724,-2.843740033,1.74656048,0.530672055,-8.029200726,19.44544181,-13.28650891,6549.534729,5631.462279,12086.85368,0.077974039,0.066783115,1.99E-06,0.056568865,-5.53E-05,0.020048835,-0.000236205,0.026606974,-9.91E-05,0.151961624,0.065002866,0.07411249,,,,,,,,,,8.35E+00,1.93E-02,1.47E-01,0.00E+00,1.45E+03,8.24E+00,1.00E+00,1.95E+02
unh3,1,-153.0719214,125.2352882,-8.505094262,-12.00435448,17.90345481,7.898063145,-5.846286477,-0.759856947,1.490652781,1.855359279,-5.327939961,19.80743285,-11.28962242,6561.782644,5646.656246,12093.25027,0.071006921,0.074472688,3.27E-05,0.064225469,4.08E-06,0.010000404,-0.000188625,0.024759088,4.89E-05,0.175013684,0.072319336,0.082818441,,,,,,,,,,1.81E+01,2.80E-02,2.79E-01,0.00E+00,5.21E+03,7.90E+00,1.00E+00,1.94E+02
unh4,1,-156.082503,125.1964978,-11.36196779,-11.85823849,18.15632309,5.167817364,-4.760625286,-2.182023466,2.146876644,2.353780359,-6.761521393,20.66722566,-13.3562361,6635.858161,5747.964039,12327.12553,0.075742937,0.067094438,5.64E-06,0.057657991,-3.19E-06,0.008247283,-8.95E-06,0.024274012,-5.87E-05,0.152763988,0.065460265,0.075080223,,,,,,,,,,8.05E+00,2.13E-02,1.54E-01,0.00E+00,1.60E+03,8.19E+00,1.00E+00,1.81E+02
unh5,1,-147.9030547,125.0414746,-10.80265373,-11.74378932,18.8197633,6.217834943,-4.466098212,-1.748355776,2.397341193,3.581860514,-5.646556019,21.26507075,-12.35944259,6581.927423,5738.294701,12279.25107,0.071536847,0.073886037,-2.66E-05,0.062820861,-3.79E-05,0.008804515,-0.000131894,0.02445191,0.000119067,0.169595289,0.072046757,0.082508564,,,,,,,,,,1.33E+01,3.00E-02,2.31E-01,0.00E+00,3.59E+03,8.15E+00,1.00E+00,1.82E+02
